2019-11-17 03:57:34,"RT @GOPLeader: .@RepStefanik: ""I just want to get it on record. In terms of defensive lethal aid, which you were an advocate for, that wasÖ"
2019-11-17 03:57:31,RT @SayWhenLA: Attorney General Barr and President Trump will expose the attempted coup d'Ètat of our constitutional republic. There's no tÖ
2019-11-17 03:57:28,"RT @charliekirk11: Ambassador Yavonovitch said she was sad she was fired by President Trump.

Democrats say thatís impeachable

Strange, coÖ"
2019-11-17 03:57:28,"RT @VertDuFerk: Well, considering people voted for Trump because they knew he'd be a molotov cocktail to the status quo, I'm pretty sure teÖ"
2019-11-17 03:57:28,"RT @Ironhorse76: A wise reminder that this should not be a race to the Left, as we will quickly have to pivot and appeal to the center in tÖ"
2019-11-17 03:57:25,RT @Susan_Hennessey: Donations pouring into Stefanik's opponent following her impeachment hearing performance. NY21 is a competitive distriÖ
2019-11-17 03:57:24,RT @RichSementa: @realDonaldTrump The Obama administration was spying on Trump!!!! Without Mark Levin this wouldn't have been known.
2019-11-17 03:57:23,"RT @Luckytobeme3: Total judicial appointments in the third year in office. 

Trump - 158

Obama - 103

Hey Democrats! All this bs blockingÖ"
2019-11-17 03:57:23,RT @RichSementa: @realDonaldTrump The Obama administration was spying on Trump!!!! Without Mark Levin this wouldn't have been known.
2019-11-17 03:57:23,RT @miserablelib: Depressing watching @Obama pretend to drink water in front of Flint residences  who beg him not to but he's showing the cÖ
2019-11-17 04:15:30,"RT @realDonaldTrump: ....and Taylor, dismissing everybody involved from the Obama holdover days trying to undermine Trump, getting rid of tÖ"
2019-11-17 04:15:29,"RT @Education4Libs: The left freaked out when President Trump criticized the former ambassador of Ukraine yesterday.

But they didnít blinkÖ"
2019-11-17 04:15:28,"RT @Mikel_Jollett: There are a lot of very bad faith arguments flying around today. If you disagree with Obama, fair enough. But you donítÖ"
2019-11-17 04:15:24,RT @JohnJHarwood: the contrast between Adam Schiff and Devin Nunes illustrates what asymmetric polarization has produced nearly as vividlyÖ
2019-11-17 04:15:22,"RT @RyanAFournier: Letís not forget how Barack Obama and Hillary Clinton treated the Ambassador to Libya and his staff.

Yet, the media isÖ"
2019-11-17 04:15:20,"RT @RealSaavedra: AG Bill Barr: ""Since Trump took office, district courts have issued over 40 nationwide injunctions against the governmentÖ"
2019-11-17 04:15:20,"@ProjectAndalus @Landvogt9 In Feb. 2016, candidate Trump had the honesty and decency to call out the WMD lies leadiÖ https://t.co/xv0ZCj0cFF"
2019-11-17 04:15:19,RT @lukeoneil47: This dude sits on his dick for three years of Trump then breaks his silence once 1.5 Democrats start talking about how mayÖ
2019-11-17 04:15:19,"RT @realDonaldTrump: ....and Taylor, dismissing everybody involved from the Obama holdover days trying to undermine Trump, getting rid of tÖ"
2019-11-17 04:15:18,"RT @EliseStefanik: The facts are clear, confirmed by our witness, Ambassador Yovanovitch: defensive lethal aid was provided to Ukraine notÖ"
2019-11-17 04:30:38,"RT @amspectator: An Obama holdover with anti-Trump biases of long standing.

https://t.co/trYZRARZ7h"
2019-11-17 04:30:38,RT @bobby_dread: Light-skinned Hispanic woman from Westchester County calls for the removal of a jewish American from the Trump AdministratÖ
2019-11-17 04:30:38,@brandon_r_horan @JoeBiden Trump and anyone associated with him have been under the microscope since he announced hÖ https://t.co/CMewLtWmew
2019-11-17 04:30:36,"RT @RealSaavedra: AG Bill Barr: ""Since Trump took office, district courts have issued over 40 nationwide injunctions against the governmentÖ"
2019-11-17 04:30:35,"RT @RealSaavedra: AG Bill Barr: ""Since Trump took office, district courts have issued over 40 nationwide injunctions against the governmentÖ"
2019-11-17 04:30:32,"RT @EliseStefanik: The facts are clear, confirmed by our witness, Ambassador Yovanovitch: defensive lethal aid was provided to Ukraine notÖ"
2019-11-17 04:30:31,"RT @RealSaavedra: AG Bill Barr: ""Since Trump took office, district courts have issued over 40 nationwide injunctions against the governmentÖ"
2019-11-17 04:30:31,RT @StopBigMoney: [RAPID POLL] Donald Trump spends every day trying to RUIN Barack Obamaís legacy. So weíre conducting a 1-Click Poll to seÖ
2019-11-17 04:30:31,"RT @RyanGirdusky: Unlike Obama however, at least Trump is giving rally to stadiums that are partially empty
https://t.co/74wt2KW3ND"
2019-11-17 04:30:29,"RT @charliekirk11: Ambassador Yavonovitch said she was sad she was fired by President Trump.

Democrats say thatís impeachable

Strange, coÖ"
2019-11-17 06:41:19,"RT @RyanAFournier: Letís not forget how Barack Obama and Hillary Clinton treated the Ambassador to Libya and his staff.

Yet, the media isÖ"
2019-11-17 06:41:19,"RT @John_KissMyBot: Obama Left An Ambassador to Die in Benghazi, But Weíre Supposed to be Outraged Over Trump's Yovanovitch Tweet?  

#SchiÖ"
2019-11-17 06:41:14,RT @StopBigMoney: [RAPID POLL] Donald Trump spends every day trying to RUIN Barack Obamaís legacy. So weíre conducting a 1-Click Poll to seÖ
2019-11-17 06:41:12,"RT @arnoldpeterso13: Yovanovitch, was appointed in 2016 by Obama. She told Ukrainian officials ""not to listen or worry about Trump policy bÖ"
2019-11-17 06:41:12,"RT @FiveRights: Dems,
Three years in, Obama had not been charged w any crimes. 
Three years in, Trump has not been charged w any crimes. 
WÖ"
2019-11-17 06:41:12,"RT @realDonaldTrump: ....and Taylor, dismissing everybody involved from the Obama holdover days trying to undermine Trump, getting rid of tÖ"
2019-11-17 06:41:02,"RT @EliseStefanik: The facts are clear, confirmed by our witness, Ambassador Yovanovitch: defensive lethal aid was provided to Ukraine notÖ"
2019-11-17 06:41:01,"@realkerrykane Well just READ and SEE what Obama saw!!!

#RadicalLeft"
2019-11-17 06:40:57,"RT @Education4Libs: The left freaked out when President Trump criticized the former ambassador of Ukraine yesterday.

But they didnít blinkÖ"
2019-11-17 06:40:53,"RT @EliseStefanik: The facts are clear, confirmed by our witness, Ambassador Yovanovitch: defensive lethal aid was provided to Ukraine notÖ"
2019-11-17 06:41:54,RT @ltsNotSoccer: Neymar Is Struggling In This Game! https://t.co/BWmX9idBc9
2019-11-17 06:41:49,@AustinAnadu @GSPN90MINS @realtimio Does Neymar get the job done with his entertainment and showboating? Yes..doesÖ https://t.co/ol18fj4zfQ
2019-11-17 06:41:46,"RT @farouq_yahaya: Despite Neymar's and Hazard's  similarity in play and ability, most pundits and sports personalities tend to rate NeymarÖ"
2019-11-17 06:41:34,"RT @farouq_yahaya: Despite Neymar's and Hazard's  similarity in play and ability, most pundits and sports personalities tend to rate NeymarÖ"
2019-11-17 06:41:27,"RT @ReyesDeBernabeu: Lewandowski: îRamos is the best defender Iíve ever faced, loved our duels.î
Ag¸ero: îRamos is the toughest defender IíÖ"
2019-11-17 06:41:26,"RT @Captain_infinit: Lets move away from the trending dino, neymar, futa and take a moment to watch this beautiful talent. It would be a shÖ"
2019-11-17 06:54:15,"RT @noname: ìThe average American doesnít think we have to completely tear down the system and remake it.î- Obama

Iím tryna see something.Ö"
2019-11-17 06:54:15,"RT @charliekirk11: Democrats think itís an impeachable offense to fire an ambassador

Did they believe that when Barack Obama &amp; Joe Biden fÖ"
2019-11-17 06:54:14,"@BudhaSteel @JohnMarkSays as they saying goes, the Bill Maher cries out in pain as he strike$ y0u.
It's strange thaÖ https://t.co/o9BAhhcQgC"
2019-11-17 06:54:14,"RT @jonfavs: One President whose candidate did win tonight: 

Barack Obama, who recorded Get Out the Vote calls for John Bel Edwards and heÖ"
2019-11-17 06:54:14,RT @StopBigMoney: [RAPID POLL] Donald Trump spends every day trying to RUIN Barack Obamaís legacy. So weíre conducting a 1-Click Poll to seÖ
2019-11-17 06:54:14,Oh George Soros. You did it up good my enemy.. You turned race against race.. Religion against religion.. And toldÖ https://t.co/Qk2m5wSKSG
2019-11-17 06:54:14,RT @cruickshank: Jorge Ramos asks @BernieSanders ìcan you say President Obama made a mistake by deporting 3 million people?î Bernieís answeÖ
2019-11-17 06:54:13,RT @hultmark_mark: European diplomats reportedly consider Trump a 'laughing stock' who is 'obsessed with Obama' https://t.co/7OxUewXZuP viaÖ
2019-11-17 06:54:13,"RT @Education4Libs: The left freaked out when President Trump criticized the former ambassador of Ukraine yesterday.

But they didnít blinkÖ"
2019-11-17 06:54:13,@SpeakerPelosi I think we should have impeached Obama for the Benghazi fiasco! 4 people died! Youíre wanting to impÖ https://t.co/Teywu1AssX
2019-11-17 04:11:33,RT @scenesofriends: first and last episode https://t.co/pC3B201ei5
2019-11-17 00:36:33,@HMRasmus hatsune ta diferente
2019-11-16 22:17:57,"RT @evilbart24: How dramatic are you?

Me: https://t.co/FU5WaSEuAo"
2019-11-16 21:16:04,"RT @arcticwidyw: im just a           hEíS JUST A
 poor boy        POOR BOY
nobody          FROM A POOR
loves me          FAMILY https://t.cÖ"
2019-11-16 21:14:17,"RT @favssitcoms: everybody hates chris, 2009 https://t.co/hVBvvnhI0U"
2019-11-16 20:41:20,@Luke5SOS I'LL GIVE YOU PA«OCA IF YOU COME
2019-11-17 17:08:41,"@BillPascrell In the mean time, who's fixing the immigration law that Obama said he'd fix while in office for the terms?"
2019-11-17 17:09:30,"RT @noname: ìThe average American doesnít think we have to completely tear down the system and remake it.î- Obama

Iím tryna see something.Ö"
2019-11-17 17:09:30,"BOOM! Reporter John Solomon Threatens Lawsuits Against Liberal Media Smear Merchants ñ Claims Obama, Brennan and LyÖ https://t.co/FbopK0sRTS"
2019-11-17 17:09:30,RT @PaulObrienUSA: Trending #ImpeachDonaldTrumpNOW is not going to work. The first 3 witnesses have proven that this entire impeachment proÖ
2019-11-17 17:09:30,"RT @CallingBSonU: If I block Michelle Obama, is that considered cock blocking?"
2019-11-17 17:09:30,RT @Holly1ForTrump: ìThe Obama Administrationî was ìon track to issue 1 million green cards to immigrants from countries where Muslims areÖ
2019-11-17 17:09:29,RT @rosedixontx: OBAMA KNEW THE WHOLE THING THE ENTIRE TIME! Text messages now show he was briefed on Deep State Spying Operation. His motiÖ
2019-11-17 17:09:29,"RT @thebradfordfile: Schiff delivered the goods.

The impeachment hearings have shed light on Ukraine corruption involving Hunter and Joe BÖ"
2019-11-17 17:09:28,"Barack Obama has a LinkedIn profile. 

Yes, I hit that connect button."
2019-11-17 17:09:28,"RT @danhill2011: The biggest inequality gap right now is not income, but rather JUSTICE.

It appears that Dems, the Clintons, the Obama AdmÖ"
2019-11-17 17:09:28,"RT @KieseLaymon: Obama is sadly who he said he was. He didn't play us. We played ourselves. At some point, we fools must accept our foolishÖ"
2019-11-17 17:18:51,"RT @prayingmedic: Good information on how the National Security Council tried to sabotage Trump. I don't agree with all conclusions, but so‚Ä¶"
2019-11-17 17:18:50,RT @BlogGuero: Now would be a great time for our government to issue a statement in support of the protesters. Obama failed that test in 20‚Ä¶
2019-11-17 17:18:50,"RT @IndivisibleSaus: Asked about Obama's comments, @BernieSanders says he's ""not tearing down the system, he's fighting for justice"" #cadem‚Ä¶"
2019-11-17 17:18:50,@kathyawatson3 @Fuck_TheGOP Look like the indoctrination of the children singing praises of Obama
2019-11-17 17:18:50,RT @ShakaThaGod: Why would Obama appoint Dmitri Alperovich and Crowdstrike over it's cyber security ü§î https://t.co/DiDtAE3uvh
2019-11-17 17:18:49,Barack Obama FIRED EVERY SINGLE AMBASSADOR from the Bush Administration &amp; there was zero pushback from the media &amp;‚Ä¶ https://t.co/KhA8M8tVCF
2019-11-17 17:18:49,RT @WVWOnline: Meet New Evangelical Black Lives Matter Movement Embraced by Gospel Coalition Activists. Two of former President Barack Obam‚Ä¶
2019-11-17 17:18:49,"RT @Education4Libs: The left freaked out when President Trump criticized the former ambassador of Ukraine yesterday.

But they didn‚Äôt blink‚Ä¶"
2019-11-17 17:18:48,@michal_vyskocil @real_defender @realDonaldTrump How did Obama do that?
2019-11-17 17:18:48,"RT @Alisand3: Obama used his pen and phone NO ONE CARED
Obama put kids in cages          NO ONE CARED
Obama made deals with Russia NO ONE C‚Ä¶"
2019-11-17 17:08:41,"@BillPascrell In the mean time, who's fixing the immigration law that Obama said he'd fix while in office for the terms?"
2019-11-17 19:32:40,"RT @Captain_infinit: Lets move away from the trending dino, neymar, futa and take a moment to watch this beautiful talent. It would be a sh‚Ä¶"
2019-11-17 19:32:09,"RT @bet365: Cristiano Ronaldo has now scored 99 goals for Portugal.

NINETY-NINE international goals. That's:

65 more than Maradona
38 mor‚Ä¶"
2019-11-17 19:32:07,"Neymar is a better goal scorer than Hazard, really no debate when it comes to that. But if you want to argue dribbl‚Ä¶ https://t.co/ueF6omm96M"
2019-11-17 19:31:36,"RT @Johnlaban256: You need skill call NEYMAR... ‚öΩ
You need a freekick call MESSI.. üèã
You need a goal call SUAREZ..... 
You need a fighter c‚Ä¶"
2019-11-17 19:31:34,RT @ltsNotSoccer: Neymar Is Struggling In This Game! https://t.co/BWmX9idBc9
2019-11-17 19:31:33,"RT @BrasilEdition: In official matches:

Neymar has 19 goals in 35 
Hazard has 24 goals in 66 

A little more context would be better https‚Ä¶"
2019-11-17 19:31:26,"RT @Certifiedopeboi: Hazard Vs Neymar 

Dribbling - Neymar beats him
Set piece - Neymar beats him
Passing range - Neymar beats him
Taking o‚Ä¶"
2019-11-17 19:31:07,"RT @BrasilEdition: In official matches:

Neymar has 19 goals in 35 
Hazard has 24 goals in 66 

A little more context would be better https‚Ä¶"
2019-11-17 19:31:03,RT @OhMyGoalUS: Neymar takes a pic with a young baller. Guess who? https://t.co/v8sUPUHqkc
2019-11-17 19:30:44,"RT @bet365: Cristiano Ronaldo has now scored 99 goals for Portugal.

NINETY-NINE international goals. That's:

65 more than Maradona
38 mor‚Ä¶"
