2019-11-08 21:40:55,RT @EricColumbus: The assertion of “absolute immunity” for a top WH staffer isn’t new to Trump — Clinton/Bush/Obama all used it to resist s…
2019-11-08 21:40:54,RT @paulsperry_: BREAKING: Rep. Schiff &amp; his Democrat counsel on impeachment panel censored from just-released Vindman transcripts the name…
2019-11-08 21:40:50,RT @paulsperry_: BREAKING: Rep. Schiff &amp; his Democrat counsel on impeachment panel censored from just-released Vindman transcripts the name…
2019-11-08 21:40:49,RT @paulsperry_: BREAKING: Rep. Schiff &amp; his Democrat counsel on impeachment panel censored from just-released Vindman transcripts the name…
2019-11-08 21:40:48,RT @ChuckGrassley: 45 circuit judges confirmed by Senate GOP/Pres Trump compared to the same time in past administrations Obama: 23; W. Bus…
2019-11-08 21:40:46,"@kekked16 @GuN_ELlll @EdwinBWriter Trump's riding Obama's wave. Look at the Bureau of Labor Statistics, see that li… https://t.co/rLuvS85D9x"
2019-11-08 21:40:46,"RT @ChrisJZullo: Black Voices For Trump being lied to. Black Unemployment is at an all time low thanks to Obama’s policies, not Trump’s. He…"
2019-11-08 21:40:46,RT @paulsperry_: BREAKING: Rep. Schiff &amp; his Democrat counsel on impeachment panel censored from just-released Vindman transcripts the name…
2019-11-08 21:40:45,"RT @Pink_About_it: Had Obama been investigated to the ends of the earth and treated by the media the way Trump has been —-

He would not be…"
2019-11-08 21:40:42,"RT @charliekirk11: The Obama administration:

Jim Comey—most corrupt FBI Director

Hillary Clinton—most corrupt Secretary of State

Joe Bid…"
